品名,地區,判定係數
椰子,台北二,0.0
棗子,台北二,0.0
釋迦,台北二,0.0
草莓,台北二,0.0
百香果,台北二,0.0
小番茄,台北二,0.0
火龍果,台北二,0.0
櫻桃,台北二,0.0
榴槤,台北二,0.0
其他,台北二,0.0
香蕉,台北二,0.9909418881303746
鳳梨,台北二,0.0
椪柑,台北二,0.0
茂谷柑,台北二,0.0
紅柑,台北二,0.0
佛利檬,台北二,0.0
桶柑,台北二,0.0
甜橙,台北二,0.0
雜柑,台北二,0.0
黃秋葵,台北二,0.9701589285104213
花椰菜,台北二,0.0
胡瓜,台北二,0.9860163122983507
花胡瓜,台北二,0.0
冬瓜,台北二,0.9716951998068468
絲瓜,台北二,0.9662954358742785
苦瓜,台北二,0.0
扁蒲,台北二,0.9921429943032708
茄子,台北二,0.0
蕃茄,台北二,0.0
甜椒,台北二,0.0
豌豆,台北二,0.0
菜豆,台北二,0.0
敏豆,台北二,0.0
萊豆,台北二,0.0
毛豆,台北二,1.1102230246251565e-16
青花苔,台北二,0.0
南瓜,台北二,0.957003446709372
隼人瓜,台北二,0.0
石蓮花,台北二,0.9866139243732605
辣椒,台北二,0.8263173568950851
洛神花,台北二,0.0
虎豆,台北二,2.220446049250313e-16
玉米,台北二,0.9195236478271641
落花生,台北二,0.0
蛋黃果,台北二,0.8225560167217446
黃金果,台北二,0.0
酪梨,台北二,0.8331490210198302
奇異果,台北二,0.0
橄欖,台北二,0.0
波羅蜜,台北二,0.0
葡萄柚,台北二,0.9577902427425805
木瓜,台北二,0.0
龍眼,台北二,0.0
甘藍,台北二,0.9904299896603462
小白菜,台北二,0.0
包心白菜,台北二,0.9526157524273752
包心白,台北二,0.9412026884629624
青江白菜,台北二,0.0
皇宮菜,台北二,0.0
蕹菜,台北二,0.0
芹菜,台北二,0.0
菠菜,台北二,0.0
萵苣菜,台北二,1.1102230246251565e-16
芥菜,台北二,0.9796858931524897
芥藍菜,台北二,0.0
茼蒿,台北二,0.0
莧菜,台北二,0.972881720063875
油菜,台北二,0.8912396452943109
甘藷葉,台北二,0.0
芫荽,台北二,0.0
九層塔,台北二,0.0
羅勒,台北二,0.9753641095490587
紅鳳菜,台北二,0.9270390713010322
茴香,台北二,0.0
海菜,台北二,0.0
巴西利,台北二,0.0
蕨菜,台北二,0.0
藤川七,台北二,0.0
楊桃,台北二,0.6617001083349459
洋菇,台北二,0.0
草菇,台北二,0.9955931094717612
濕木耳,台北二,0.0
溼香菇,台北二,0.0
金絲菇,台北二,0.9718815409464685
蠔菇,台北二,0.0
巴西蘑菇,台北二,-2.220446049250313e-16
秀珍菇,台北二,0.9622151733169172
杏鮑菇,台北二,0.0
鴻禧菇,台北二,0.0
珊瑚菇,台北二,0.0
猴頭菇,台北二,0.0
柳松菇,台北二,0.9815904684517431
其他菇類,台北二,0.0
梨,台北二,0.0
鹹菜,台北二,-inf
蘿蔔乾,台北二,1.0
熟筍,台北二,0.0
其他蔬菜,台北二,0.9976232203881237
番石榴,台北二,0.0
蓮霧,台北二,0.0
芒果,台北二,0.0
葡萄,台北二,0.0
蘿蔔,台北二,0.0
胡蘿蔔,台北二,0.9724021963484512
馬鈴薯,台北二,0.9986406943877415
洋蔥,台北二,0.9968625171010738
青蔥,台北二,0.0
韭菜,台北二,0.0
大蒜,台北二,0.0
竹筍,台北二,0.0
萵苣莖,台北二,-2.220446049250313e-16
芋,台北二,0.9872170745907596
荸薺,台北二,0.0
豆薯,台北二,0.9539195163386123
牛蒡,台北二,0.9935958005249343
蓮藕,台北二,0.0
甘薯,台北二,0.9127247242366994
薑,台北二,0.0
茭白筍,台北二,0.0
菱角,台北二,0.9892303273980471
大心菜,台北二,0.0
薯蕷,台北二,0.0
蘆筍,台北二,0.0
球莖甘藍,台北二,0.9685786961129009
芽菜類,台北二,
金針筍,台北二,0.0
百合,台北二,0.9726138906117394
晚香玉筍,台北二,0.0
甜瓜,台北二,0.0
洋香瓜,台北二,0.0
蘋果,台北二,0.0
柿子,台北二,-2.220446049250313e-16
柿餅,台北二,0.0
椰子,台北一,0.0
棗子,台北一,0.0
釋迦,台北一,-2.220446049250313e-16
草莓,台北一,0.0
百香果,台北一,0.0
甘蔗,台北一,
小番茄,台北一,0.0
火龍果,台北一,0.0
櫻桃,台北一,1.1102230246251565e-16
石榴,台北一,0.0
榴槤,台北一,0.0
其他,台北一,0.0
香蕉,台北一,0.9909472322041509
鳳梨,台北一,0.9848897449870483
椪柑,台北一,0.0
茂谷柑,台北一,0.0
紅柑,台北一,0.0
佛利檬,台北一,-2.220446049250313e-16
桶柑,台北一,0.0
海梨,台北一,
甜橙,台北一,0.0
雜柑,台北一,0.8151749848230774
其他花類,台北一,0.0
黃秋葵,台北一,0.0
花椰菜,台北一,0.9505750255613661
胡瓜,台北一,0.0
花胡瓜,台北一,0.0
冬瓜,台北一,0.9545073879069903
絲瓜,台北一,0.9550395027520875
苦瓜,台北一,0.0
扁蒲,台北一,0.0
茄子,台北一,0.8875548843077229
蕃茄,台北一,0.9864385314025602
甜椒,台北一,0.9557033876793102
豌豆,台北一,0.0
菜豆,台北一,0.0
敏豆,台北一,0.0
萊豆,台北一,0.0
鵲豆,台北一,0.0
毛豆,台北一,1.1102230246251565e-16
青花苔,台北一,0.0
南瓜,台北一,0.0
隼人瓜,台北一,-2.220446049250313e-16
石蓮花,台北一,0.72000072000072
辣椒,台北一,0.0
虎豆,台北一,0.0
玉米,台北一,0.9759136818712028
落花生,台北一,0.0
酪梨,台北一,0.0
奇異果,台北一,0.9856372202182215
香櫞,台北一,0.0
橄欖,台北一,0.9664061591657019
葡萄柚,台北一,0.0
木瓜,台北一,0.9681924927086095
龍眼,台北一,0.9917536768759286
甘藍,台北一,0.0
小白菜,台北一,0.0
包心白菜,台北一,0.9555549740849687
包心白,台北一,0.0
青江白菜,台北一,0.0
皇宮菜,台北一,0.0
蕹菜,台北一,0.0
芹菜,台北一,0.0
菠菜,台北一,0.0
萵苣菜,台北一,0.0
芥菜,台北一,0.9491558383682333
芥藍菜,台北一,0.0
茼蒿,台北一,-2.220446049250313e-16
莧菜,台北一,-2.220446049250313e-16
油菜,台北一,0.0
甘藷葉,台北一,0.0
芫荽,台北一,0.0
九層塔,台北一,0.0
羅勒,台北一,0.0
紅鳳菜,台北一,0.0
塌棵菜,台北一,0.0
茴香,台北一,0.0
海菜,台北一,0.989407426757966
菾菜,台北一,0.0
巴西利,台北一,0.0
蕨菜,台北一,0.0
西洋菜,台北一,
藤川七,台北一,0.0
楊桃,台北一,0.0
洋菇,台北一,0.0
草菇,台北一,0.9992056231274129
濕木耳,台北一,0.0
溼香菇,台北一,0.0
金絲菇,台北一,0.0
蠔菇,台北一,0.0
巴西蘑菇,台北一,0.0
秀珍菇,台北一,0.0
杏鮑菇,台北一,0.0
鴻禧菇,台北一,0.0
珊瑚菇,台北一,0.0
猴頭菇,台北一,0.0
柳松菇,台北一,0.0
其他菇類,台北一,0.0
李,台北一,0.0
梨,台北一,0.0
鹹菜,台北一,0.0
雪裡紅,台北一,0.0
其他蔬菜,台北一,0.0
蘿蔔乾,台北一,0.9993269392753308
醃瓜,台北一,0.9990772784129445
熟筍,台北一,0.9623773265168546
桶筍,台北一,0.990521919433322
筍茸,台北一,0.0
朴菜,台北一,0.0
番石榴,台北一,0.0
蓮霧,台北一,0.0
芒果,台北一,0.0
葡萄,台北一,0.0
蘿蔔,台北一,0.9541843971631205
胡蘿蔔,台北一,0.9870981349512646
馬鈴薯,台北一,0.9933474946894915
洋蔥,台北一,0.9981816638591818
青蔥,台北一,0.0
韭菜,台北一,0.9602099430419102
大蒜,台北一,0.0
竹筍,台北一,0.0
萵苣莖,台北一,0.0
芋,台北一,0.9557225041969694
荸薺,台北一,
豆薯,台北一,0.0
牛蒡,台北一,0.9993023566175546
蓮藕,台北一,0.0
甘薯,台北一,0.9689265536723164
薑,台北一,0.9888605917198002
茭白筍,台北一,0.0
菱角,台北一,0.9878153639910825
大心菜,台北一,0.0
薯蕷,台北一,0.0
蘆筍,台北一,0.0
球莖甘藍,台北一,0.0
芽菜類,台北一,0.0
金針筍,台北一,0.9756833608104591
晚香玉筍,台北一,-2.220446049250313e-16
西瓜,台北一,0.0
甜瓜,台北一,0.0
洋香瓜,台北一,0.9485480374168421
蘋果,台北一,0.0
柿子,台北一,0.0
柿餅,台北一,0.0
椰子,板橋區,0.9788539728771898
棗子,板橋區,0.0
釋迦,板橋區,0.0
百香果,板橋區,0.0
甘蔗,板橋區,0.0
小番茄,板橋區,0.0
火龍果,板橋區,0.0
櫻桃,板橋區,-2.220446049250313e-16
其他,板橋區,0.0
香蕉,板橋區,0.9966453578716897
鳳梨,板橋區,0.981321404690393
椪柑,板橋區,0.0
茂谷柑,板橋區,2.220446049250313e-16
紅柑,板橋區,
佛利檬,板橋區,0.0
甜橙,板橋區,0.0
雜柑,板橋區,0.9544854591793678
黃秋葵,板橋區,0.0
花椰菜,板橋區,0.0
胡瓜,板橋區,0.0
花胡瓜,板橋區,0.9438559888728402
冬瓜,板橋區,0.9822927689594356
絲瓜,板橋區,0.0
苦瓜,板橋區,0.9723821650459189
扁蒲,板橋區,0.8719251016337697
茄子,板橋區,0.0
蕃茄,板橋區,-2.220446049250313e-16
甜椒,板橋區,0.0
豌豆,板橋區,0.8556243923082867
菜豆,板橋區,0.0
敏豆,板橋區,0.0
萊豆,板橋區,0.0
毛豆,板橋區,0.987603884199951
青花苔,板橋區,0.0
南瓜,板橋區,0.0
隼人瓜,板橋區,0.0
辣椒,板橋區,0.0
虎豆,板橋區,1.1102230246251565e-16
玉米,板橋區,0.9725190839694656
落花生,板橋區,0.99650199749062
蛋黃果,板橋區,0.9337044502031545
栗子,板橋區,
木瓜,板橋區,0.954239521431489
甘藍,板橋區,0.0
小白菜,板橋區,0.0
包心白菜,板橋區,0.9805520876681926
包心白,板橋區,0.0
青江白菜,板橋區,0.0
皇宮菜,板橋區,0.0
蕹菜,板橋區,0.0
芹菜,板橋區,0.0
菠菜,板橋區,0.0
萵苣菜,板橋區,0.0
芥菜,板橋區,0.0
芥藍菜,板橋區,0.0
茼蒿,板橋區,0.0
油菜,板橋區,0.0
甘藷葉,板橋區,0.9885851534245386
芫荽,板橋區,0.0
九層塔,板橋區,0.0
海梨,台北二,-inf
越瓜,台北二,0.9983753562349547
雪裡紅,台北二,
筍茸,台北二,-inf
朴菜,台北二,-inf
蛋黃果,台北一,0.8764654897970074
黃金果,台北一,0.9576765206425525
栗子,台北一,0.0
黑甜仔菜,台北一,0.9868501336970371
草莓,板橋區,2.220446049250313e-16
桶柑,板橋區,0.0
海梨,板橋區,
龍眼,板橋區,0.0
藍莓,台北二,0.0
金針花,台北二,0.0
柚子,台北二,0.0
黑甜仔菜,台北二,0.8230604831551205
蜜棗,台北一,
柚子,台北一,0.0
枇杷,台北一,0.0
其他花類,台北二,-inf
枇杷,台北二,0.0
洛神花,台北一,0.0
金針花,台北一,0.0
石榴,台北二,0.0
百果,台北二,-inf
西施柚,台北一,0.0
半天筍,台北一,0.0
鵲豆,板橋區,0.0
洛神花,板橋區,0.0
半天筍,台北二,0.9764475460147751
波羅蜜,台北一,0.9601969718548138
珍珠菜,台北一,-2.220446049250313e-16
藍莓,板橋區,0.9717193613903795
奇異果,板橋區,0.0
莧菜,板橋區,0.0
紅鳳菜,板橋區,0.0
茴香,板橋區,0.8862554912430762
海菜,板橋區,0.0
蕨菜,板橋區,0.0
楊桃,板橋區,0.862168654433447
洋菇,板橋區,0.989459323551723
草菇,板橋區,0.9994478139565061
濕木耳,板橋區,0.9585991676056206
溼香菇,板橋區,0.9987908781598853
金絲菇,板橋區,0.0
蠔菇,板橋區,0.0
巴西蘑菇,板橋區,0.0
秀珍菇,板橋區,0.0
杏鮑菇,板橋區,0.0
鴻禧菇,板橋區,0.0
珊瑚菇,板橋區,0.9968057378811921
猴頭菇,板橋區,0.0
其他菇類,板橋區,0.0
梨,板橋區,0.0
鹹菜,板橋區,0.0
熟筍,板橋區,0.9935613423892139
其他蔬菜,板橋區,0.0
番石榴,板橋區,0.8840128680327295
蓮霧,板橋區,0.9594154938148329
葡萄,板橋區,0.0
蘿蔔,板橋區,0.0
胡蘿蔔,板橋區,0.9549569584595854
馬鈴薯,板橋區,0.9995329549399737
洋蔥,板橋區,0.9834156611019539
青蔥,板橋區,0.0
韭菜,板橋區,0.9861618325166489
大蒜,板橋區,0.0
竹筍,板橋區,0.0
萵苣莖,板橋區,0.0
芋,板橋區,0.9953344629355586
豆薯,板橋區,0.0
牛蒡,板橋區,0.0
蓮藕,板橋區,0.0
甘薯,板橋區,0.9124456576685877
薑,板橋區,0.0
茭白筍,板橋區,0.0
菱角,板橋區,-2.220446049250313e-16
大心菜,板橋區,0.0
薯蕷,板橋區,0.0
蘆筍,板橋區,0.0
球莖甘藍,板橋區,0.0
芽菜類,板橋區,0.9972039713585515
洋香瓜,板橋區,0.0
蘋果,板橋區,0.9614425897904232
柿子,板橋區,0.0
椰子,三重區,0.0
棗子,三重區,0.0
釋迦,三重區,0.0
草莓,三重區,0.9996019856586903
藍莓,三重區,0.9634999377234221
百香果,三重區,0.0
甘蔗,三重區,0.0
小番茄,三重區,0.9481622395356427
火龍果,三重區,0.9568172299998582
櫻桃,三重區,0.0
石榴,三重區,0.0
其他,三重區,0.0
香蕉,三重區,0.0
鳳梨,三重區,0.0
椪柑,三重區,0.0
茂谷柑,三重區,0.0
紅柑,三重區,
佛利檬,三重區,0.0
桶柑,三重區,0.0
海梨,三重區,
甜橙,三重區,0.0
雜柑,三重區,-2.220446049250313e-16
黃秋葵,三重區,0.0
花椰菜,三重區,0.977566904521737
胡瓜,三重區,0.9451086132339493
花胡瓜,三重區,0.9502498780555573
絲瓜,三重區,0.8849686847599165
苦瓜,三重區,0.885348330408975
扁蒲,三重區,0.982620320855615
茄子,三重區,0.9251783219962145
蕃茄,三重區,0.7633415057311768
甜椒,三重區,0.0
豌豆,三重區,0.0
菜豆,三重區,0.869507484307098
敏豆,三重區,0.8678867021886592
萊豆,三重區,0.0
毛豆,三重區,-2.220446049250313e-16
青花苔,三重區,0.0
南瓜,三重區,0.9138168781025924
隼人瓜,三重區,0.0
辣椒,三重區,0.6382910527895962
洛神花,三重區,-inf
虎豆,三重區,0.0
玉米,三重區,0.9037634408602151
落花生,三重區,-2.220446049250313e-16
蛋黃果,三重區,0.0
黃金果,三重區,0.0
酪梨,三重區,0.0
奇異果,三重區,0.9900762218953733
橄欖,三重區,0.0
波羅蜜,三重區,0.9882743569586991
葡萄柚,三重區,0.0
木瓜,三重區,0.995011937916237
龍眼,三重區,0.0
枇杷,三重區,0.0
甘藍,三重區,0.0
小白菜,三重區,0.8550839276260471
包心白菜,三重區,0.0
青江白菜,三重區,0.86368667938011
蕹菜,三重區,0.0
芹菜,三重區,0.0
菠菜,三重區,0.0
萵苣菜,三重區,0.8669321432479327
芥菜,三重區,0.0
芥藍菜,三重區,0.9678071422068534
茼蒿,三重區,0.0
莧菜,三重區,0.0
油菜,三重區,-2.220446049250313e-16
甘藷葉,三重區,0.9438170658549805
芫荽,三重區,0.0
九層塔,三重區,0.9280052704554603
紅鳳菜,三重區,0.0
茴香,三重區,-2.220446049250313e-16
海菜,三重區,0.0
蕨菜,三重區,0.0
楊桃,三重區,0.8671373768106356
洋菇,三重區,-2.220446049250313e-16
濕木耳,三重區,0.0
溼香菇,三重區,0.0
百合,台中市,0.0
香蕉,東勢鎮,2.220446049250313e-16
椪柑,東勢鎮,0.0
茂谷柑,東勢鎮,0.0
桶柑,東勢鎮,0.0
海梨,東勢鎮,
雜柑,東勢鎮,0.9384756386724558
梨,東勢鎮,0.9115382617944785
柿子,東勢鎮,0.0
花椰菜,永靖鄉,0.0
胡瓜,永靖鄉,0.0
苦瓜,永靖鄉,0.0
茄子,永靖鄉,0.0
菜豆,永靖鄉,1.1102230246251565e-16
甘藍,永靖鄉,2.220446049250313e-16
包心白菜,永靖鄉,0.0
芹菜,永靖鄉,-inf
大心菜,永靖鄉,0.0
球莖甘藍,永靖鄉,0.0
花椰菜,溪湖鎮,0.0
冬瓜,溪湖鎮,0.0
苦瓜,溪湖鎮,0.9131381846547219
茄子,溪湖鎮,0.0
蕃茄,溪湖鎮,0.0
豌豆,溪湖鎮,0.0
敏豆,溪湖鎮,0.0
青花苔,溪湖鎮,0.0
百合,溪湖鎮,0.0
南瓜,溪湖鎮,0.0
虎豆,溪湖鎮,
甘藍,溪湖鎮,0.0
小白菜,溪湖鎮,0.9861649142224682
包心白菜,溪湖鎮,0.9321677787398767
青江白菜,溪湖鎮,0.0
蕹菜,溪湖鎮,0.0
芹菜,溪湖鎮,-2.220446049250313e-16
菠菜,溪湖鎮,0.0
萵苣菜,溪湖鎮,0.0
芥菜,溪湖鎮,0.9776980823947943
芥藍菜,溪湖鎮,0.9420448971010769
油菜,溪湖鎮,0.0
蘿蔔,溪湖鎮,0.0
胡蘿蔔,溪湖鎮,0.9406459328661102
洋蔥,溪湖鎮,0.9865372815938512
青蔥,溪湖鎮,0.0
韭菜,溪湖鎮,0.0
萵苣莖,溪湖鎮,0.0
大心菜,溪湖鎮,0.0
球莖甘藍,溪湖鎮,0.0
芽菜類,溪湖鎮,
花椰菜,西螺鎮,0.8732985813142471
胡瓜,西螺鎮,0.0
花胡瓜,西螺鎮,0.0
冬瓜,西螺鎮,0.0
絲瓜,西螺鎮,0.9744510592463809
苦瓜,西螺鎮,0.943608133109281
扁蒲,西螺鎮,0.851858037578288
茄子,西螺鎮,1.1102230246251565e-16
蕃茄,西螺鎮,0.0
甜椒,西螺鎮,0.0
豌豆,西螺鎮,-2.220446049250313e-16
菜豆,西螺鎮,0.9444290251950536
敏豆,西螺鎮,0.0
青花苔,西螺鎮,0.0
辣椒,西螺鎮,0.0
玉米,西螺鎮,0.0
甘藍,西螺鎮,0.0
小白菜,西螺鎮,0.0
包心白菜,西螺鎮,0.0
青江白菜,西螺鎮,0.0
蕹菜,西螺鎮,0.0
芹菜,西螺鎮,0.8435267619046356
菠菜,西螺鎮,0.0
萵苣菜,西螺鎮,0.8773721578594341
芥菜,西螺鎮,0.0
芥藍菜,西螺鎮,0.0
茼蒿,西螺鎮,2.220446049250313e-16
莧菜,西螺鎮,0.0
油菜,西螺鎮,0.9370170856704587
茴香,西螺鎮,0.9548631013620481
其他蔬菜,西螺鎮,0.9138466222902623
蘿蔔,西螺鎮,0.9416246139606084
胡蘿蔔,西螺鎮,0.0
馬鈴薯,西螺鎮,0.0
洋蔥,西螺鎮,0.0
青蔥,西螺鎮,0.0
韭菜,西螺鎮,
大蒜,西螺鎮,0.0
芋,西螺鎮,0.9967246014076517
甘薯,西螺鎮,0.0
薑,西螺鎮,0.9957447346154431
大心菜,西螺鎮,0.0
球莖甘藍,西螺鎮,0.0
草石蠶,台北二,0.0
西瓜,台北二,0.968736239542052
蠶豆,台北二,
菊芋,台北二,0.0
菾菜,台北二,0.0
花豆,台北一,0.0
人參葉,台北一,0.9666211604095563
百合,台北一,0.0
鵲豆,台北二,0.0
筍片,台北二,0.0
菊芋,台北一,-inf
草石蠶,台北一,0.0
黃金果,板橋區,0.0
酪梨,板橋區,0.0
珍珠菜,台北二,0.9618410238346836
金針花,板橋區,0.0
西施柚,板橋區,0.0
羅勒,板橋區,
松茸,板橋區,0.0
荸薺,板橋區,0.0
西瓜,板橋區,0.9726074280643935
石蓮花,三重區,0.0
柚子,三重區,2.220446049250313e-16
菾菜,三重區,0.0
黑甜仔菜,三重區,0.0
金絲菇,三重區,0.0
秀珍菇,三重區,0.0
杏鮑菇,三重區,0.0
鴻禧菇,三重區,0.9771099533798708
珊瑚菇,三重區,0.0
猴頭菇,三重區,
其他菇類,三重區,0.0
梨,三重區,1.1102230246251565e-16
冬瓜,永靖鄉,0.0
蕹菜,永靖鄉,0.0
芥藍菜,永靖鄉,0.0
玉米,溪湖鎮,0.0
甘薯,溪湖鎮,0.0
椰子,嘉義市,0.9883954446082668
棗子,嘉義市,0.0
釋迦,嘉義市,1.1102230246251565e-16
百香果,嘉義市,0.0
小番茄,嘉義市,0.9591736744775428
火龍果,嘉義市,0.0
櫻桃,嘉義市,0.0
其他,嘉義市,0.9994939456714237
香蕉,嘉義市,0.0
鳳梨,嘉義市,0.0
椪柑,嘉義市,0.0
茂谷柑,嘉義市,0.0
桶柑,嘉義市,0.0
海梨,嘉義市,
甜橙,嘉義市,0.9616016046497773
雜柑,嘉義市,0.0
奇異果,嘉義市,0.0
葡萄柚,嘉義市,0.0
木瓜,嘉義市,0.0
楊桃,嘉義市,0.0
梨,嘉義市,0.0
番石榴,嘉義市,0.9673892192595435
蓮霧,嘉義市,0.0
葡萄,嘉義市,0.0
西瓜,嘉義市,0.0
洋香瓜,嘉義市,0.9852086740038574
蘋果,嘉義市,0.9995828212022763
柿子,嘉義市,0.0
荔枝,台北一,0.0
西施柚,台北二,0.0
桃子,台北二,0.0
甜桃,台北一,0.0
桃子,台北一,0.0
香瓜梨,板橋區,0.0
藤川七,板橋區,1.1102230246251565e-16
芒果,板橋區,0.0
冬瓜,三重區,0.8571428571428572
西施柚,三重區,0.0
皇宮菜,三重區,0.9578363725557959
甜橙,東勢鎮,
桃子,東勢鎮,0.0
花胡瓜,溪湖鎮,0.0
香瓜梨,台北二,0.0
筍絲,台北二,0.0
甜桃,台北二,-2.220446049250313e-16
香瓜梨,台北一,0.0
枇杷,板橋區,0.0
柳松菇,板橋區,0.0
醃瓜,板橋區,0.0
金針筍,板橋區,0.9833377717048566
柿餅,板橋區,
虎頭柑,三重區,-inf
香瓜梨,三重區,0.0
筍乾,三重區,
其他,東勢鎮,0.0
枇杷,東勢鎮,0.0
蛋黃果,嘉義市,0.0
虎頭柑,台北二,
醃瓜,台北二,0.0
虎頭柑,台北一,
蠶豆,台北一,0.0
西洋梨,台北二,0.9375299494019058
虎頭柑,板橋區,
豔陽柑,台北一,0.0
百果,台北一,
栗子,台北二,0.0
甜瓜,板橋區,0.0
花椰菜,花蓮市,-inf
胡瓜,花蓮市,-2.220446049250313e-16
花胡瓜,花蓮市,0.0
冬瓜,花蓮市,0.0
絲瓜,花蓮市,0.0
苦瓜,花蓮市,0.0
扁蒲,花蓮市,1.1102230246251565e-16
茄子,花蓮市,0.0
蕃茄,花蓮市,0.0
甜椒,花蓮市,0.0
敏豆,花蓮市,0.0
青花苔,花蓮市,
南瓜,花蓮市,0.0
隼人瓜,花蓮市,2.220446049250313e-16
辣椒,花蓮市,1.1102230246251565e-16
玉米,花蓮市,0.0
甘藍,花蓮市,0.0
包心白菜,花蓮市,0.0
萵苣菜,花蓮市,0.0
芥菜,花蓮市,0.0
芫荽,花蓮市,0.0
紅鳳菜,花蓮市,0.0
蕨菜,花蓮市,0.0
其他蔬菜,花蓮市,0.0
蘿蔔,花蓮市,0.0
青蔥,花蓮市,0.0
韭菜,花蓮市,1.1102230246251565e-16
大蒜,花蓮市,0.0
萵苣莖,花蓮市,
芋,花蓮市,0.0
薑,花蓮市,-2.220446049250313e-16
球莖甘藍,花蓮市,-inf
胡瓜,溪湖鎮,0.0
樊花,台北二,0.0
樊花,台北一,0.0
李,台北二,0.8753632634531767
椰子,豐原區,-inf
百香果,豐原區,
小番茄,豐原區,
火龍果,豐原區,0.0
櫻桃,豐原區,
香蕉,豐原區,0.0
鳳梨,豐原區,0.0
椪柑,豐原區,
茂谷柑,豐原區,
桶柑,豐原區,
甜橙,豐原區,0.0
雜柑,豐原區,0.0
花椰菜,豐原區,0.0
胡瓜,豐原區,0.0
花胡瓜,豐原區,0.0
絲瓜,豐原區,0.0
苦瓜,豐原區,0.0
扁蒲,豐原區,-2.220446049250313e-16
茄子,豐原區,0.0
蕃茄,豐原區,-2.220446049250313e-16
甜椒,豐原區,-2.220446049250313e-16
菜豆,豐原區,0.0
敏豆,豐原區,0.0
青花苔,豐原區,0.0
南瓜,豐原區,0.0
隼人瓜,豐原區,-inf
辣椒,豐原區,0.0
玉米,豐原區,0.0
落花生,豐原區,0.0
奇異果,豐原區,0.0
木瓜,豐原區,0.0
甘藍,豐原區,0.0
小白菜,豐原區,2.220446049250313e-16
包心白菜,豐原區,-2.220446049250313e-16
青江白菜,豐原區,2.220446049250313e-16
蕹菜,豐原區,0.0
芹菜,豐原區,0.0
菠菜,豐原區,0.0
萵苣菜,豐原區,0.0
芥藍菜,豐原區,0.0
茼蒿,豐原區,
莧菜,豐原區,0.0
油菜,豐原區,0.0
甘藷葉,豐原區,0.0
茴香,豐原區,
海菜,豐原區,
濕木耳,豐原區,0.0
溼香菇,豐原區,0.0
金絲菇,豐原區,0.0
杏鮑菇,豐原區,0.0
李,豐原區,0.0
梨,豐原區,0.0
其他蔬菜,豐原區,0.0
番石榴,豐原區,0.0
蓮霧,豐原區,
葡萄,豐原區,0.0
蘿蔔,豐原區,-2.220446049250313e-16
胡蘿蔔,豐原區,0.0
馬鈴薯,豐原區,0.0
洋蔥,豐原區,0.0
青蔥,豐原區,2.220446049250313e-16
韭菜,豐原區,0.0
大蒜,豐原區,1.1102230246251565e-16
芋,豐原區,0.0
甘薯,豐原區,0.0
薑,豐原區,0.0
球莖甘藍,豐原區,0.0
洋香瓜,豐原區,0.0
蘋果,豐原區,1.1102230246251565e-16
花椰菜,南投市,0.0
花胡瓜,南投市,0.0
絲瓜,南投市,0.0
苦瓜,南投市,0.0
扁蒲,南投市,
茄子,南投市,0.0
蕃茄,南投市,0.0
甘藍,南投市,0.0
包心白菜,南投市,0.0
菠菜,南投市,
其他蔬菜,南投市,0.0
蘿蔔,南投市,
茭白筍,南投市,0.0
桃子,嘉義市,0.0
豬母菜,台北一,0.9563216071040457
筍乾,台北二,0.0
菾菜,板橋區,0.0
西洋梨,板橋區,-2.220446049250313e-16
甜桃,板橋區,0.0
鵲豆,三重區,-inf
蕎頭,台北一,0.0
水蜜桃,台北二,0.0
九層塔,豐原區,0.0
茭白筍,豐原區,
榴槤,板橋區,0.9823753981854998
波羅蜜,板橋區,-2.220446049250313e-16
桃子,板橋區,0.0
榴槤,三重區,0.9995413643701739
百香果,東勢鎮,0.0
虎頭柑,東勢鎮,
葡萄柚,板橋區,0.0
巴西利,板橋區,0.0
包心白,三重區,0.9280453613729968
藤川七,三重區,0.0
李,三重區,0.0
西洋梨,三重區,0.0
其他蔬菜,三重區,0.0
番石榴,三重區,0.0
蓮霧,三重區,0.0
芒果,三重區,0.0
葡萄,三重區,0.0
蘿蔔,三重區,0.0
胡蘿蔔,三重區,0.0
馬鈴薯,三重區,0.0
洋蔥,三重區,0.0
青蔥,三重區,0.0
絲瓜,溪湖鎮,-2.220446049250313e-16
枇杷,嘉義市,
芒果,嘉義市,0.0
蜜棗,台北二,
荔枝,台北二,0.0
筍乾,台北一,
筍茸,板橋區,-inf
蜜棗,三重區,
荔枝,三重區,0.0
韭菜,三重區,0.0
大蒜,三重區,0.0
芋,三重區,0.0
豆薯,三重區,-inf
蓮藕,三重區,0.0
甘薯,三重區,0.0
薑,三重區,0.0
茭白筍,三重區,0.0
薯蕷,三重區,0.0
蘆筍,三重區,0.0
球莖甘藍,三重區,0.0
芽菜類,三重區,
甜瓜,三重區,0.0
洋香瓜,三重區,0.0
蘋果,三重區,0.0
甜桃,三重區,0.0
桃子,三重區,0.0
李,東勢鎮,0.0
絲瓜,永靖鄉,0.0
西洋梨,台北一,0.0
梅,台北二,
梅,台北一,
梅,板橋區,-inf
半天花,台北一,0.0
筍乾,板橋區,0.0
半天筍,板橋區,0.0
半天花,板橋區,
梅,三重區,
栗子,三重區,
梅,東勢鎮,
扁蒲,溪湖鎮,0.0
桑椹,台北一,-inf
李,板橋區,0.0
筍片,板橋區,0.0
熟筍,三重區,0.0
甜瓜,嘉義市,1.1102230246251565e-16
桑椹,台北二,0.0
黑甜仔菜,板橋區,
桑椹,三重區,
扁蒲,永靖鄉,0.0
半天花,台北二,-inf
椰子,宜蘭市,0.0
釋迦,宜蘭市,0.0
梅,宜蘭市,-inf
草莓,宜蘭市,
百香果,宜蘭市,0.0
小番茄,宜蘭市,-inf
火龍果,宜蘭市,0.0
香蕉,宜蘭市,0.0
鳳梨,宜蘭市,0.0
椪柑,宜蘭市,
茂谷柑,宜蘭市,
桶柑,宜蘭市,
甜橙,宜蘭市,-inf
雜柑,宜蘭市,0.0
花椰菜,宜蘭市,
胡瓜,宜蘭市,0.0
花胡瓜,宜蘭市,0.0
冬瓜,宜蘭市,0.0
絲瓜,宜蘭市,-inf
苦瓜,宜蘭市,0.0
扁蒲,宜蘭市,0.0
茄子,宜蘭市,0.0
蕃茄,宜蘭市,-inf
甜椒,宜蘭市,0.0
青花苔,宜蘭市,0.0
南瓜,宜蘭市,0.0
辣椒,宜蘭市,0.0
玉米,宜蘭市,0.0
酪梨,宜蘭市,0.0
葡萄柚,宜蘭市,0.0
木瓜,宜蘭市,0.0
甘藍,宜蘭市,0.0
小白菜,宜蘭市,0.0
包心白菜,宜蘭市,
青江白菜,宜蘭市,0.0
蕹菜,宜蘭市,0.0
芹菜,宜蘭市,0.0
菠菜,宜蘭市,
芥菜,宜蘭市,0.0
芥藍菜,宜蘭市,0.0
茼蒿,宜蘭市,
莧菜,宜蘭市,
九層塔,宜蘭市,-inf
紅鳳菜,宜蘭市,0.0
梨,宜蘭市,-inf
番石榴,宜蘭市,
葡萄,宜蘭市,
蘿蔔,宜蘭市,0.0
青蔥,宜蘭市,0.0
韭菜,宜蘭市,0.0
大蒜,宜蘭市,0.0
芋,宜蘭市,
茭白筍,宜蘭市,0.0
西瓜,宜蘭市,
梅,豐原區,
紅鳳菜,豐原區,
西瓜,豐原區,0.0
桃子,豐原區,
甜桃,豐原區,
敏豆,南投市,
小白菜,南投市,
椰子,高雄市,-inf
草莓,高雄市,
百香果,高雄市,
小番茄,高雄市,
火龍果,高雄市,
其他,高雄市,
香蕉,高雄市,
鳳梨,高雄市,-inf
椪柑,高雄市,
甜橙,高雄市,-inf
雜柑,高雄市,
黃秋葵,高雄市,
花椰菜,高雄市,
胡瓜,高雄市,
花胡瓜,高雄市,
冬瓜,高雄市,
絲瓜,高雄市,
苦瓜,高雄市,-inf
扁蒲,高雄市,-inf
茄子,高雄市,
蕃茄,高雄市,
甜椒,高雄市,-inf
豌豆,高雄市,
菜豆,高雄市,-inf
敏豆,高雄市,
毛豆,高雄市,
青花苔,高雄市,
南瓜,高雄市,
隼人瓜,高雄市,
辣椒,高雄市,
玉米,高雄市,
落花生,高雄市,
甘藍,高雄市,
小白菜,高雄市,-inf
包心白菜,高雄市,-inf
包心白,高雄市,-inf
青江白菜,高雄市,
皇宮菜,高雄市,
蕹菜,高雄市,
芹菜,高雄市,
菠菜,高雄市,
萵苣菜,高雄市,
芥菜,高雄市,
芥藍菜,高雄市,
莧菜,高雄市,
油菜,高雄市,
甘藷葉,高雄市,
芫荽,高雄市,
九層塔,高雄市,
紅鳳菜,高雄市,
海菜,高雄市,-inf
蕨菜,高雄市,
洋菇,高雄市,
草菇,高雄市,
濕木耳,高雄市,
溼香菇,高雄市,
金絲菇,高雄市,
蠔菇,高雄市,-inf
秀珍菇,高雄市,
杏鮑菇,高雄市,
珊瑚菇,高雄市,-inf
其他菇類,高雄市,
鹹菜,高雄市,
雪裡紅,高雄市,
蘿蔔乾,高雄市,
醃瓜,高雄市,
桶筍,高雄市,
筍乾,高雄市,
筍絲,高雄市,
其他蔬菜,高雄市,
蘿蔔,高雄市,-inf
胡蘿蔔,高雄市,
馬鈴薯,高雄市,
洋蔥,高雄市,
青蔥,高雄市,
韭菜,高雄市,
大蒜,高雄市,
竹筍,高雄市,
芋,高雄市,-inf
荸薺,高雄市,-inf
豆薯,高雄市,
牛蒡,高雄市,
蓮藕,高雄市,
甘薯,高雄市,
薑,高雄市,
茭白筍,高雄市,
薯蕷,高雄市,-inf
蘆筍,高雄市,-inf
芽菜類,高雄市,
甘蔗,台北二,0.0
越瓜,板橋區,0.0
番石榴,東勢鎮,0.0
李,嘉義市,
人參葉,台北二,0.0
越瓜,台北一,-2.220446049250313e-16
蕎頭,台北二,0.0
蕎頭,板橋區,
金針花,三重區,0.0
菜豆,溪湖鎮,2.220446049250313e-16
榴槤,嘉義市,0.0
醃瓜,三重區,0.0
甜椒,溪湖鎮,
樊花,板橋區,
越瓜,三重區,0.0
楊梅,台北二,
香椿,台北一,0.0
荔枝,板橋區,0.0
楊梅,板橋區,
甘蔗筍,台北一,-inf
薑,宜蘭市,
大心菜,宜蘭市,
藍莓,豐原區,
榴槤,豐原區,
橄欖,豐原區,
芒果,豐原區,0.0
甜瓜,豐原區,0.0
越瓜,溪湖鎮,0.0
胡瓜,南投市,0.0
菜豆,南投市,
筍絲,台北一,
草菇,三重區,0.0
百合,高雄市,0.0
黃秋葵,花蓮市,0.0
菜豆,花蓮市,0.0
金針花,花蓮市,-inf
落花生,花蓮市,0.0
熟筍,花蓮市,-inf
甘薯,花蓮市,0.0
蕎頭,花蓮市,
薯蕷,花蓮市,0.0
藍莓,台北一,0.0
香椿,台北二,
其他花類,板橋區,0.0
楊梅,三重區,
荔枝,嘉義市,
楊梅,台北一,
竹筍,三重區,0.0
西瓜,三重區,0.0
水蜜桃,三重區,-inf
百香果,桃農,
火龍果,桃農,
香蕉,桃農,-inf
雜柑,桃農,
黃秋葵,桃農,-inf
花椰菜,桃農,-inf
胡瓜,桃農,
花胡瓜,桃農,-inf
冬瓜,桃農,
絲瓜,桃農,
苦瓜,桃農,
扁蒲,桃農,
茄子,桃農,-inf
蕃茄,桃農,
甜椒,桃農,
豌豆,桃農,
菜豆,桃農,-inf
敏豆,桃農,
青花苔,桃農,
越瓜,桃農,
南瓜,桃農,
隼人瓜,桃農,
辣椒,桃農,
玉米,桃農,
木瓜,桃農,-inf
甘藍,桃農,
小白菜,桃農,
包心白菜,桃農,-inf
包心白,桃農,
青江白菜,桃農,
皇宮菜,桃農,
蕹菜,桃農,
芹菜,桃農,
萵苣菜,桃農,-inf
芥菜,桃農,
芥藍菜,桃農,
莧菜,桃農,-inf
油菜,桃農,-inf
甘藷葉,桃農,
九層塔,桃農,
海菜,桃農,-inf
濕木耳,桃農,
蘿蔔,桃農,
胡蘿蔔,桃農,
馬鈴薯,桃農,
青蔥,桃農,
韭菜,桃農,-inf
大蒜,桃農,
竹筍,桃農,
芋,桃農,
甘薯,桃農,
茭白筍,桃農,
薯蕷,桃農,
椰子,台中市,
百香果,台中市,
小番茄,台中市,
火龍果,台中市,
其他,台中市,
香蕉,台中市,
鳳梨,台中市,
甜橙,台中市,-inf
雜柑,台中市,
黃秋葵,台中市,-inf
花椰菜,台中市,-inf
胡瓜,台中市,
花胡瓜,台中市,
冬瓜,台中市,
絲瓜,台中市,
苦瓜,台中市,
扁蒲,台中市,
茄子,台中市,-inf
蕃茄,台中市,
甜椒,台中市,
豌豆,台中市,-inf
菜豆,台中市,
敏豆,台中市,
青花苔,台中市,
南瓜,台中市,-inf
隼人瓜,台中市,
辣椒,台中市,
玉米,台中市,
酪梨,台中市,-inf
奇異果,台中市,
木瓜,台中市,
甘藍,台中市,
小白菜,台中市,-inf
包心白菜,台中市,
包心白,台中市,
青江白菜,台中市,
皇宮菜,台中市,
蕹菜,台中市,
芹菜,台中市,-inf
萵苣菜,台中市,
冬瓜,豐原區,-inf
落花生,溪湖鎮,0.0
濕香菇,台北一,
蠔菇,三重區,0.0
酪梨,嘉義市,-2.220446049250313e-16
鹹菜,三重區,
火龍果,東勢鎮,2.220446049250313e-16
皇宮菜,花蓮市,-inf
竹筍,花蓮市,
豬母菜,台北二,0.0
桶筍,台北二,0.0
晚香玉筍,板橋區,
蘿蔔乾,三重區,
牛蒡,三重區,
芹菜,花蓮市,-inf
桶筍,板橋區,
筍片,台北一,
龍眼,嘉義市,
柚子,板橋區,0.0
橄欖,板橋區,
巴西利,三重區,
柚子,嘉義市,0.0
柚子,豐原區,
辣椒,溪湖鎮,
溫州柑,台北一,
山竹,台北二,
山竹,台北一,0.0
蓮藕,花蓮市,
蘋果,東勢鎮,
洛神花,花蓮市,
山竹,板橋區,
山竹,三重區,
蕹菜,花蓮市,
菠菜,花蓮市,
茭白筍,花蓮市,
西施柚,嘉義市,-inf
芥藍菜,花蓮市,
香櫞,台北二,
甘蔗,宜蘭市,
黃金果,宜蘭市,-inf
柚子,宜蘭市,
油菜,宜蘭市,
蓮霧,宜蘭市,
甜瓜,宜蘭市,
洋香瓜,宜蘭市,
柿子,宜蘭市,
栗子,豐原區,
蕨菜,豐原區,
柿子,豐原區,
松茸,台北二,
石榴,板橋區,
人參葉,三重區,
豔陽柑,台北二,
豔陽柑,板橋區,
